#,Forward Primer,F-primer seq,Reverse Primer,R-primer seq,lentgh
napA003,napA.C001.03F.j ,GTCTCCAAGTACGACCTGGACTAC,napA.C001.05R.j ,AGCAGGTGGATGTTGTAGACCA,182
napA007,napA.C002.01F.j ,AACAACATGGCCTACAACATCCAC,napA.C002.02R.j ,TGTTGTTGACCATCACCCAGTA,298
napA008,napA.C002.02F.j ,AACAACCTGGTCTACAACATCC,napA.C002.02R.j ,TGTTGTTGACCATCACCCAGTA,298
napA009,napA.C002.03F.j ,AACAACCTCGTCTACAACATCCA,napA.C002.01R.j ,TGTTGTTGACCTGCACCCAATA,298
napA010,napA.C002.03F.j ,AACAACCTCGTCTACAACATCCA,napA.C002.04R.j ,TGTTGTTGACCTGTACCCAATAG,298
napA011,napA.C002.04F.j ,AACAACATGGTCTACAACATCCA,napA.C002.02R.j ,TGTTGTTGACCATCACCCAGTA,298
napA012,napA.C003.01F.j ,AACTGCATCAAGGGCTATTTCC,napA.C003.01R.j ,ATCGAGATTGTTGGAGCGGAAG,282
napA013,napA.C003.01F.j ,AACTGCATCAAGGGCTATTTCC,napA.C003.02R.j ,GTCGAGATTGTTGGAGCGGAAG,282
napA014,napA.C003.01F.j ,AACTGCATCAAGGGCTATTTCC,napA.C003.03R.j ,GTCGAGATTGTTGGAGCGGAATC,282
napA016,napA.C003.02F.j ,AACTGCGTCAAGGGCTATTTCC,napA.C003.04R.j ,GTCGATATTGTTGGAGCGGAAG,282
napA024,napA.C006.02F.j ,CGCCAACCACATCATCAAGACC,napA.C006.02R.j ,CTTGGTCTTGGGATCGGCATAGA,286
napA033,napA.C007.05F.j ,CATCGCCAACTACATCATCCAG,napA.C007.01R.j ,AGACGAACTTGGCGAATTCATC,194
napA037,napA.C008.03F.j ,ATCGCCAACCACATCATCTCGA,napA.C008.03R.j ,AGACCTTCTCGACCGTGTAGTC,217
napA046,napA.C010.03F.j ,ACATCGCCAACCACATCATCAC,napA.C010.03R.j ,TTGGGATCGGCATAGAGTTCGG,283
napA053,napA.C012.02F.j ,GGACGGCAAGCTCAATTTCTACTG,napA.C012.03R.j ,ACTCCATCAGCTGCCAGAGATC,287
napA055,napA.C013.01F.j ,GCAGCTGATGGAGTTCTCGAAG,napA.C013.01R.j ,AACTGCGCATATTCCTCGAACA,228
napA056,napA.C013.02F.j ,GCAGTTGATGGAGTTCTCGAAG,napA.C013.03R.j ,AAGCTGGCGTATTCCTCGAACA,228
narG018,narG.C004.01F.j ,GGTTCCACTCCGACACGATCTA,narG.C004.01R.j,GTACGCGGTCTGGATCATGTTG,191
narG028,narG.C006.02F.j ,CTATAACGCCTGCTACACCAACG,narG.C006.04R.j,GTCGCTGTAGGTGGAGTGGATAC,247
narG029,narG.C006.03F.j ,CTACTCGCCGTTCACCATCAAC,narG.C006.01R.j,GTCCTGGTATTCGGAGTGGATCG,265
narG030,narG.C006.03F.j ,CTACTCGCCGTTCACCATCAAC,narG.C006.05R.j,GTCCTGGTACTCGGAGTGGATC,247
narG031,narG.C006.03F.j ,CTACTCGCCGTTCACCATCAAC,narG.C006.02R.j,GTCCTGGTACTCGGAGTGGATG,247
narG032,narG.C006.04F.j ,GTACTCGCCGTTCACCATCAAC,narG.C006.02R.j,GTCCTGGTACTCGGAGTGGATG,247
narG035,narG.C007.03F.j ,AAGAGCGACTGGGAGATTTACAA,narG.C007.06R.j,GTGAAGCGCTTGTAGACATTCG,242
narG036,narG.C007.04F.j ,AAGAGCGACTGGGAGATCTACAA,narG.C007.04R.j,GTGAAGCGCTTGTACAGGTTGG,242
narG038,narG.C007.04F.j ,AAGAGCGACTGGGAGATCTACAA,narG.C007.04R.j,GTGAAGCGCTTGTACAGGTTGG,242
narG053,narG.C011.01F.j ,ACCTATACCGACAACCTGCTGA,narG.C011.01R.j,GGGTGTTCACGATCTTCTCCTG,217
narG055,narG.C011.03F.j ,ACTTACACCGACAACCTGCTGA,narG.C011.01R.j,GGGTGTTCACGATCTTCTCCTG,217
narG058,narG.C011.06F.j ,ACCTATACCGACAATTTGATGATGCTG,narG.C011.03R.j,GCATGTTCACGATCTTCTCCTG,217
nirK020,nirK.C004.02F.j ,GAGCTACACGTTCTGGACCTTC,nirK.C004.03R.j ,AGTGGTAGACGTAGATGCCCTG,236
nirK028,nirK.C006.03F.j ,CATAATATCGACCTGCATGCGG,nirK.C006.06R.j ,ATTCGCCCTGCATGACGTAATA,241
nirK043,nirK.C011.01F.j ,CCACGAATCGCAGTTCACCTTC,nirK.C011.01R.j ,GCCGTTGAACAGCACATAGGTC,268
nirS022,nirS.C004.05F.j ,GACCTTCATCAAGTACGGCAGC,nirS.C004.02R.j ,GTCTTGACGATATTGATGAGCTG,300
nirS028,nirS.C006.02F.j ,ACAAGGGCTACGAGGACAAGTAC,nirS.C006.02R.j ,CATGATCTTGCCGGTTTCCTTG,218
nirS035,nirS.C008.01F.j ,GAAGAAGGAGAACAACTACAACCTGG,nirS.C008.02R.j ,ATTCTTCATCCACAGGTCGATCAG,217
nirS037,nirS.C008.03F.j ,GAAGAAGATGAACGGCTACAACAC,nirS.C008.01R.j ,CTTCTCCATCCACAGGTCGATC,217
nosZ001,nosZ.C001.01F.j ,TATACCACGCTGTTCATCGACA,nosZ.C001.03R.j ,GTCCTTGGAGAACTTGCTGAGC,201
nosZ002,nosZ.C001.02F.j ,TACACGACGCTCTTTCTCGACA,nosZ.C001.01R.j ,GTCCTTCGAGAATTTGTTGTCCGAG,204
nosZ004,nosZ.C001.03F.j ,TACACCACGCTGTTCATCGACA,nosZ.C001.02R.j ,GTCCTTCGAGAACTTGTTCAGCG,201
nosZ005,nosZ.C001.03F.j ,TACACCACGCTGTTCATCGACA,nosZ.C001.03R.j ,GTCCTTGGAGAACTTGCTGAGC,201
nosZ006,nosZ.C001.03F.j ,TACACCACGCTGTTCATCGACA,nosZ.C001.04R.j ,GTCCTTGGAGAACTTGTTCAGC,201
nosZ010,nosZ.C002.03F.j ,ATCAGTTGATCGACATTTCCGG,nosZ.C002.02R.j ,CATGTAGACGCGAACCTTGTTG,239
nosZ013,nosZ.C002.05F.j ,ACCAGTTGATCGACATTTCCGG,nosZ.C002.04R.j ,CATGTAGACGCGGACCTTGTTG,233
nosZ014,nosZ.C002.06F.j ,ACCAACTGATCGATATTTCCGGC,nosZ.C002.04R.j ,CATGTAGACGCGGACCTTGTTG,233
nosZ031,nosZ.C005.02F.j ,GACTTCATCATCTTCAAGCGCGA,nosZ.C005.02R.j ,GTCGCCCTTCTTGAGCTTGAAC,186
nosZ032,nosZ.C005.02F.j ,GACTTCATCATCTTCAAGCGCGA,nosZ.C005.03R.j ,GTCACCCTTCTTGAGCTTGAAC,186
nosZ033,nosZ.C005.03F.j ,GATTTCATCATCTTCAAGCGCGAG,nosZ.C005.02R.j ,GTCGCCCTTCTTGAGCTTGAAC,186
nosZ043,nosZ.C007.02F.j ,CCTACACCACGCTGTTTATCGAC,nosZ.C007.04R.j ,TCTTTGGAGAACTTGTTCAGCG,202
nosZ046,nosZ.C007.04F.j ,CCTATACCACGCTGTTCATCGAC,nosZ.C007.02R.j ,TCCTTGGAGAACTTGTTCAGCG,202
nosZ065,nosZ.C011.02F.j ,GGACTACTTCATCTGCGACAAG,nosZ.C011.02R.j ,GGTGAACATCGAGCGGTACTTC,199
nosZ080,nosZ.C014.03F.j ,GACGGCAAGTACTTCATCTGCG,nosZ.C014.01R.j ,GTTCCACTTGACGATCTGGCTG,219
nosZ081,nosZ.C014.03F.j ,GACGGCAAGTACTTCATCTGCG,nosZ.C014.03R.j ,GTTCCACTTCACGATCTGGCTG,219
nosZ136,nosZ.C025.04F.j ,CAAATACGCCTTCTCCACCTGC,nosZ.C025.03R.j ,CGTTGATTTCTTTGAAGTCGCC,146
16S,16S.f,,16S.r,,